이름,나이,거주지
김철수,20,서울
이영희,30,부산
박철수,40,대구
김철수,20,서울
이영희,30,부산
박철수,40,대구
김철수,20,서울
이영희,30,부산
박철수,40,대구
김철수,20,서울
이영희,30,부산
박철수,40,대구
김철수,20,서울
이영희,30,부산
박철수,40,대구
김철수,20,서울
이영희,30,부산
박철수,40,대구
김철수,20,서울
이영희,30,부산
박철수,40,대구
김철수,20,서울
이영희,30,부산
박철수,40,대구
김철수,20,서울
이영희,30,부산
박철수,40,대구
김철수,20,서울
이영희,30,부산
박철수,40,대구
김철수,20,서울
이영희,30,부산
박철수,40,대구
김철수,20,서울
이영희,30,부산
박철수,40,대구
김철수,20,서울
이영희,30,부산
박철수,40,대구
김철수,20,서울
이영희,30,부산
박철수,40,대구
김철수,20,서울
이영희,30,부산
박철수,40,대구
김철수,20,서울
이영희,30,부산
박철수,40,대구
김철수,20,서울
이영희,30,부산
박철수,40,대구
김철수,20,서울
이영희,30,부산
박철수,40,대구
김철수,20,서울
이영희,30,부산
박철수,40,대구
김철수,20,서울
이영희,30,부산
박철수,40,대구
김철수,20,서울
이영희,30,부산
박철수,40,대구
김철수,20,서울
이영희,30,부산
박철수,40,대구
김철수,20,서울
이영희,30,부산
박철수,40,대구
김철수,20,서울
이영희,30,부산
박철수,40,대구
김철수,20,서울
이영희,30,부산
박철수,40,대구
김철수,20,서울
이영희,30,부산
박철수,40,대구
김철수,20,서울
이영희,30,부산
박철수,40,대구
김철수,20,서울
이영희,30,부산
박철수,40,대구
김철수,20,서울
이영희,30,부산
박철수,40,대구
김철수,20,서울
이영희,30,부산
박철수,40,대구
김철수,20,서울
이영희,30,부산
박철수,40,대구
김철수,20,서울
이영희,30,부산
박철수,40,대구
김철수,20,서울
이영희,30,부산
박철수,40,대구
박철수,40,대구